timestamp,gpu_memory_used_mib
2026-09-21T13:54:10.4668660+08:00,55
2026-09-21T13:54:11.0394371+08:00,55
2026-09-21T13:54:11.6182796+08:00,55
2026-09-21T13:54:12.1819235+08:00,55
2026-09-21T13:54:12.7534169+08:00,55
2026-09-21T13:54:13.3292025+08:00,55
2026-09-21T13:54:13.9048274+08:00,55
2026-09-21T13:54:14.4668022+08:00,55
2026-09-21T13:54:15.0286418+08:00,55
2026-09-21T13:54:15.5908369+08:00,55
2026-09-21T13:54:16.1655743+08:00,55
2026-09-21T13:54:16.7251718+08:00,55
2026-09-21T13:54:17.2791738+08:00,55
2026-09-21T13:54:17.8593264+08:00,55
2026-09-21T13:54:18.4354837+08:00,55
2026-09-21T13:54:18.9975335+08:00,55
2026-09-21T13:54:19.5597404+08:00,55
2026-09-21T13:54:20.1331589+08:00,55
2026-09-21T13:54:20.6843633+08:00,55
2026-09-21T13:54:21.2426991+08:00,55
2026-09-21T13:54:21.8047400+08:00,55
2026-09-21T13:54:22.3813256+08:00,55
2026-09-21T13:54:22.9365009+08:00,55
2026-09-21T13:54:23.4861114+08:00,55
2026-09-21T13:54:24.0481540+08:00,55
2026-09-21T13:54:24.6258818+08:00,55
2026-09-21T13:54:25.1997841+08:00,55
2026-09-21T13:54:25.7790070+08:00,55
2026-09-21T13:54:26.3566428+08:00,55
2026-09-21T13:54:26.9350942+08:00,55
2026-09-21T13:54:27.4934022+08:00,55
2026-09-21T13:54:28.0563854+08:00,55
2026-09-21T13:54:28.6201905+08:00,55
2026-09-21T13:54:29.1697064+08:00,55
2026-09-21T13:54:29.7297280+08:00,55
2026-09-21T13:54:30.2810489+08:00,55
2026-09-21T13:54:30.8423530+08:00,55
2026-09-21T13:54:31.3919192+08:00,55
2026-09-21T13:54:31.9705399+08:00,76
2026-09-21T13:54:32.5323264+08:00,182
2026-09-21T13:54:33.0964818+08:00,182
2026-09-21T13:54:33.6464532+08:00,182
2026-09-21T13:54:34.2003312+08:00,188
2026-09-21T13:54:34.7792800+08:00,230
2026-09-21T13:54:35.3303931+08:00,310
2026-09-21T13:54:35.9081473+08:00,312
2026-09-21T13:54:36.4587901+08:00,354
2026-09-21T13:54:37.0231742+08:00,354
2026-09-21T13:54:37.5721922+08:00,374
2026-09-21T13:54:38.1364448+08:00,374
2026-09-21T13:54:38.6989835+08:00,374
2026-09-21T13:54:39.2615816+08:00,374
2026-09-21T13:54:39.8115837+08:00,374
2026-09-21T13:54:40.3742153+08:00,374
2026-09-21T13:54:40.9311009+08:00,374
2026-09-21T13:54:41.5030608+08:00,374
2026-09-21T13:54:42.0618306+08:00,374
2026-09-21T13:54:42.6132198+08:00,374
2026-09-21T13:54:43.1741039+08:00,374
2026-09-21T13:54:43.7368242+08:00,374
2026-09-21T13:54:44.2982482+08:00,374
2026-09-21T13:54:44.8560819+08:00,374
2026-09-21T13:54:45.4220404+08:00,374
2026-09-21T13:54:45.9545492+08:00,374
2026-09-21T13:54:46.5212237+08:00,374
2026-09-21T13:54:47.0801517+08:00,374
2026-09-21T13:54:47.6294242+08:00,374
2026-09-21T13:54:48.1923811+08:00,374
2026-09-21T13:54:48.7571580+08:00,374
2026-09-21T13:54:49.3136777+08:00,374
2026-09-21T13:54:49.8683600+08:00,374
2026-09-21T13:54:50.4235878+08:00,374
2026-09-21T13:54:50.9989384+08:00,374
2026-09-21T13:54:51.5570241+08:00,374
2026-09-21T13:54:52.1186334+08:00,374
2026-09-21T13:54:52.6894749+08:00,374
2026-09-21T13:54:53.2391675+08:00,374
2026-09-21T13:54:53.7986722+08:00,374
2026-09-21T13:54:54.3591258+08:00,374
2026-09-21T13:54:54.9173130+08:00,374
2026-09-21T13:54:55.4933268+08:00,374
2026-09-21T13:54:56.0708967+08:00,374
2026-09-21T13:54:56.6212095+08:00,374
2026-09-21T13:54:57.1836538+08:00,374
2026-09-21T13:54:57.7440768+08:00,374
2026-09-21T13:54:58.3142779+08:00,374
2026-09-21T13:54:58.9007750+08:00,374
2026-09-21T13:54:59.4556742+08:00,374
2026-09-21T13:55:00.0184177+08:00,374
2026-09-21T13:55:00.5656963+08:00,374
2026-09-21T13:55:01.1286813+08:00,374
2026-09-21T13:55:01.7032715+08:00,374
2026-09-21T13:55:02.2817794+08:00,374
2026-09-21T13:55:02.8311145+08:00,374
2026-09-21T13:55:03.4090523+08:00,374
2026-09-21T13:55:03.9712403+08:00,374
2026-09-21T13:55:04.5268276+08:00,374
2026-09-21T13:55:05.0906892+08:00,374
2026-09-21T13:55:05.6520433+08:00,374
2026-09-21T13:55:06.1865724+08:00,374
2026-09-21T13:55:06.7221457+08:00,374
2026-09-21T13:55:07.2852291+08:00,374
2026-09-21T13:55:07.8303143+08:00,374
2026-09-21T13:55:08.3931931+08:00,374
2026-09-21T13:55:08.9345314+08:00,374
2026-09-21T13:55:09.5088306+08:00,374
2026-09-21T13:55:10.0730733+08:00,374
2026-09-21T13:55:10.6254846+08:00,374
2026-09-21T13:55:11.1823859+08:00,374
2026-09-21T13:55:11.7394993+08:00,374
2026-09-21T13:55:12.2892680+08:00,374
2026-09-21T13:55:12.8499015+08:00,374
2026-09-21T13:55:13.4006786+08:00,374
2026-09-21T13:55:13.9636559+08:00,374
2026-09-21T13:55:14.5283267+08:00,374
2026-09-21T13:55:15.0796624+08:00,374
2026-09-21T13:55:15.6396616+08:00,374
2026-09-21T13:55:16.1833343+08:00,374
2026-09-21T13:55:16.7466752+08:00,374
2026-09-21T13:55:17.2982158+08:00,374
2026-09-21T13:55:17.8625830+08:00,374
2026-09-21T13:55:18.3977699+08:00,374
2026-09-21T13:55:18.9579425+08:00,374
2026-09-21T13:55:19.5208492+08:00,374
2026-09-21T13:55:20.0816786+08:00,374
2026-09-21T13:55:20.6264691+08:00,374
2026-09-21T13:55:21.1885874+08:00,374
2026-09-21T13:55:21.7490960+08:00,374
2026-09-21T13:55:22.3264883+08:00,374
2026-09-21T13:55:22.8759271+08:00,374
2026-09-21T13:55:23.4253762+08:00,374
2026-09-21T13:55:23.9849202+08:00,374
2026-09-21T13:55:24.5317493+08:00,374
2026-09-21T13:55:25.0942716+08:00,374
2026-09-21T13:55:25.6535860+08:00,374
2026-09-21T13:55:26.2165044+08:00,374
2026-09-21T13:55:26.7964692+08:00,374
2026-09-21T13:55:27.3567227+08:00,374
2026-09-21T13:55:27.9047695+08:00,374
2026-09-21T13:55:28.4805441+08:00,374
2026-09-21T13:55:29.0271097+08:00,374
2026-09-21T13:55:29.5870070+08:00,374
2026-09-21T13:55:30.1516399+08:00,374
2026-09-21T13:55:30.7137036+08:00,374
2026-09-21T13:55:31.2737152+08:00,374
2026-09-21T13:55:31.8344938+08:00,374
2026-09-21T13:55:32.3968500+08:00,374
2026-09-21T13:55:32.9613731+08:00,374
2026-09-21T13:55:33.5138427+08:00,374
2026-09-21T13:55:34.0581369+08:00,374
2026-09-21T13:55:34.6251731+08:00,374
2026-09-21T13:55:35.1889685+08:00,374
2026-09-21T13:55:35.7413691+08:00,374
2026-09-21T13:55:36.3019957+08:00,374
2026-09-21T13:55:36.8675303+08:00,374
2026-09-21T13:55:37.4445176+08:00,374
2026-09-21T13:55:38.0038785+08:00,374
2026-09-21T13:55:38.5818359+08:00,374
2026-09-21T13:55:39.1590325+08:00,374
2026-09-21T13:55:39.7214536+08:00,374
2026-09-21T13:55:40.2817229+08:00,374
2026-09-21T13:55:40.8446516+08:00,374
2026-09-21T13:55:41.4041629+08:00,374
2026-09-21T13:55:42.0027250+08:00,374
2026-09-21T13:55:42.5546024+08:00,374
2026-09-21T13:55:43.1143549+08:00,374
2026-09-21T13:55:43.6746673+08:00,374
2026-09-21T13:55:44.2287592+08:00,374
2026-09-21T13:55:44.7781083+08:00,374
2026-09-21T13:55:45.3264360+08:00,374
2026-09-21T13:55:45.8631011+08:00,374
2026-09-21T13:55:46.4398304+08:00,374
2026-09-21T13:55:46.9867536+08:00,374
2026-09-21T13:55:47.5471250+08:00,374
2026-09-21T13:55:48.1011792+08:00,374
2026-09-21T13:55:48.6804291+08:00,374
2026-09-21T13:55:49.2148522+08:00,374
2026-09-21T13:55:49.7643280+08:00,374
2026-09-21T13:55:50.3234761+08:00,374
2026-09-21T13:55:50.8840501+08:00,374
2026-09-21T13:55:51.4470427+08:00,374
2026-09-21T13:55:52.0114375+08:00,374
2026-09-21T13:55:52.5752577+08:00,374
2026-09-21T13:55:53.1236343+08:00,374
2026-09-21T13:55:53.6881053+08:00,374
2026-09-21T13:55:54.2497949+08:00,374
2026-09-21T13:55:54.8273099+08:00,374
2026-09-21T13:55:55.3741503+08:00,374
2026-09-21T13:55:55.9322840+08:00,374
2026-09-21T13:55:56.4940245+08:00,374
2026-09-21T13:55:57.0551610+08:00,374
2026-09-21T13:55:57.6158472+08:00,374
2026-09-21T13:55:58.1672051+08:00,374
2026-09-21T13:55:58.7295583+08:00,374
2026-09-21T13:55:59.2780749+08:00,374
2026-09-21T13:55:59.8411752+08:00,374
2026-09-21T13:56:00.4010026+08:00,374
2026-09-21T13:56:00.9645963+08:00,374
2026-09-21T13:56:01.5325727+08:00,374
2026-09-21T13:56:02.0978647+08:00,374
2026-09-21T13:56:02.6610844+08:00,374
2026-09-21T13:56:03.2223390+08:00,374
2026-09-21T13:56:03.7860836+08:00,374
2026-09-21T13:56:04.3494434+08:00,374
2026-09-21T13:56:04.8975312+08:00,374
2026-09-21T13:56:05.4608892+08:00,374
2026-09-21T13:56:06.0226354+08:00,374
2026-09-21T13:56:06.5875274+08:00,374
2026-09-21T13:56:07.1207094+08:00,374
2026-09-21T13:56:07.6857626+08:00,374
2026-09-21T13:56:08.2486072+08:00,374
2026-09-21T13:56:08.8133849+08:00,374
2026-09-21T13:56:09.3466208+08:00,374
2026-09-21T13:56:09.9063045+08:00,374
2026-09-21T13:56:10.4575040+08:00,374
2026-09-21T13:56:11.0389965+08:00,374
2026-09-21T13:56:11.6055022+08:00,374
2026-09-21T13:56:12.1655024+08:00,374
2026-09-21T13:56:12.7284190+08:00,374
2026-09-21T13:56:13.2934536+08:00,374
2026-09-21T13:56:13.8568116+08:00,374
2026-09-21T13:56:14.4072311+08:00,374
2026-09-21T13:56:14.9572563+08:00,374
2026-09-21T13:56:15.5168255+08:00,374
2026-09-21T13:56:16.0849538+08:00,374
2026-09-21T13:56:16.6476330+08:00,374
2026-09-21T13:56:17.2007159+08:00,374
2026-09-21T13:56:17.7491255+08:00,374
2026-09-21T13:56:18.3119644+08:00,374
2026-09-21T13:56:18.8707095+08:00,374
2026-09-21T13:56:19.4494303+08:00,374
2026-09-21T13:56:20.0131511+08:00,374
2026-09-21T13:56:20.5864094+08:00,374
2026-09-21T13:56:21.1372448+08:00,374
2026-09-21T13:56:21.6862588+08:00,374
2026-09-21T13:56:22.2391850+08:00,374
2026-09-21T13:56:22.7723082+08:00,374
2026-09-21T13:56:23.3318066+08:00,374
2026-09-21T13:56:23.9101421+08:00,374
2026-09-21T13:56:24.4724956+08:00,374
2026-09-21T13:56:25.0082354+08:00,374
2026-09-21T13:56:25.5550231+08:00,374
2026-09-21T13:56:26.1070567+08:00,374
2026-09-21T13:56:26.6799051+08:00,374
2026-09-21T13:56:27.2573872+08:00,374
2026-09-21T13:56:27.8145596+08:00,374
2026-09-21T13:56:28.3689137+08:00,374
2026-09-21T13:56:28.9252189+08:00,374
2026-09-21T13:56:29.4748982+08:00,374
2026-09-21T13:56:30.0361211+08:00,374
2026-09-21T13:56:30.5920784+08:00,374
2026-09-21T13:56:31.1410623+08:00,374
2026-09-21T13:56:31.7037097+08:00,374
2026-09-21T13:56:32.2809482+08:00,374
2026-09-21T13:56:32.8603012+08:00,374
2026-09-21T13:56:33.4152834+08:00,374
2026-09-21T13:56:33.9696164+08:00,374
2026-09-21T13:56:34.5427511+08:00,374
2026-09-21T13:56:35.0920768+08:00,374
2026-09-21T13:56:35.6542059+08:00,374
2026-09-21T13:56:36.2032056+08:00,374
2026-09-21T13:56:36.7540307+08:00,374
2026-09-21T13:56:37.3156246+08:00,374
2026-09-21T13:56:37.8808002+08:00,374
2026-09-21T13:56:38.4401354+08:00,374
2026-09-21T13:56:39.0030588+08:00,374
2026-09-21T13:56:39.5671025+08:00,374
2026-09-21T13:56:40.1143825+08:00,374
2026-09-21T13:56:40.6606676+08:00,374
2026-09-21T13:56:41.2106885+08:00,374
2026-09-21T13:56:41.7607906+08:00,374
2026-09-21T13:56:42.3384005+08:00,374
2026-09-21T13:56:42.9038351+08:00,374
2026-09-21T13:56:43.4655808+08:00,374
2026-09-21T13:56:44.0264442+08:00,374
2026-09-21T13:56:44.5886005+08:00,374
2026-09-21T13:56:45.1510323+08:00,374
2026-09-21T13:56:45.7169440+08:00,374
2026-09-21T13:56:46.2841365+08:00,374
2026-09-21T13:56:46.8332493+08:00,374
2026-09-21T13:56:47.3922063+08:00,374
2026-09-21T13:56:47.9250697+08:00,374
2026-09-21T13:56:48.4888567+08:00,374
2026-09-21T13:56:49.0641476+08:00,374
2026-09-21T13:56:49.6375079+08:00,374
2026-09-21T13:56:50.1969242+08:00,374
2026-09-21T13:56:50.7561508+08:00,374
2026-09-21T13:56:51.3162244+08:00,374
2026-09-21T13:56:51.8750020+08:00,374
2026-09-21T13:56:52.4347622+08:00,374
2026-09-21T13:56:52.9958130+08:00,374
2026-09-21T13:56:53.5569117+08:00,374
2026-09-21T13:56:54.1165152+08:00,374
2026-09-21T13:56:54.6769888+08:00,374
2026-09-21T13:56:55.2367660+08:00,374
2026-09-21T13:56:55.7842142+08:00,374
2026-09-21T13:56:56.3387580+08:00,374
2026-09-21T13:56:56.8854907+08:00,374
2026-09-21T13:56:57.4476323+08:00,374
2026-09-21T13:56:58.0096315+08:00,374
2026-09-21T13:56:58.5739334+08:00,374
2026-09-21T13:56:59.1364871+08:00,374
2026-09-21T13:56:59.6689496+08:00,374
2026-09-21T13:57:00.2266566+08:00,374
2026-09-21T13:57:00.7915137+08:00,374
2026-09-21T13:57:01.3513821+08:00,374
2026-09-21T13:57:01.9164454+08:00,374
2026-09-21T13:57:02.4758279+08:00,374
2026-09-21T13:57:03.0381871+08:00,374
2026-09-21T13:57:03.5871068+08:00,374
2026-09-21T13:57:04.1369522+08:00,374
2026-09-21T13:57:04.6981935+08:00,374
2026-09-21T13:57:05.2753780+08:00,374
2026-09-21T13:57:05.8253916+08:00,374
2026-09-21T13:57:06.3714202+08:00,374
2026-09-21T13:57:06.9327959+08:00,374
2026-09-21T13:57:07.4940660+08:00,374
2026-09-21T13:57:08.0533179+08:00,374
2026-09-21T13:57:08.6111318+08:00,374
2026-09-21T13:57:09.1734105+08:00,374
2026-09-21T13:57:09.7225803+08:00,374
2026-09-21T13:57:10.2838872+08:00,374
2026-09-21T13:57:10.8459400+08:00,374
2026-09-21T13:57:11.4195781+08:00,374
2026-09-21T13:57:11.9812364+08:00,374
2026-09-21T13:57:12.5752057+08:00,374
2026-09-21T13:57:13.1250809+08:00,374
2026-09-21T13:57:13.6594888+08:00,374
2026-09-21T13:57:14.2094382+08:00,374
2026-09-21T13:57:14.7750526+08:00,374
2026-09-21T13:57:15.3255248+08:00,374
2026-09-21T13:57:15.8746303+08:00,374
2026-09-21T13:57:16.4379307+08:00,374
2026-09-21T13:57:16.9879416+08:00,374
2026-09-21T13:57:17.5393248+08:00,374
2026-09-21T13:57:18.1004711+08:00,374
2026-09-21T13:57:18.6779611+08:00,374
2026-09-21T13:57:19.2284220+08:00,374
2026-09-21T13:57:19.7783146+08:00,374
2026-09-21T13:57:20.3380403+08:00,374
2026-09-21T13:57:20.8956538+08:00,374
2026-09-21T13:57:21.4573964+08:00,374
2026-09-21T13:57:22.0244136+08:00,374
2026-09-21T13:57:22.5876093+08:00,374
2026-09-21T13:57:23.1494155+08:00,374
2026-09-21T13:57:23.6990008+08:00,374
2026-09-21T13:57:24.2507079+08:00,374
2026-09-21T13:57:24.8128603+08:00,374
2026-09-21T13:57:25.3655359+08:00,374
2026-09-21T13:57:25.9168026+08:00,374
2026-09-21T13:57:26.4653632+08:00,374
2026-09-21T13:57:27.0145256+08:00,374
2026-09-21T13:57:27.5904882+08:00,374
2026-09-21T13:57:28.1620889+08:00,374
2026-09-21T13:57:28.7110888+08:00,374
2026-09-21T13:57:29.2734608+08:00,374
2026-09-21T13:57:29.8351961+08:00,374
2026-09-21T13:57:30.3832091+08:00,374
2026-09-21T13:57:30.9325827+08:00,374
2026-09-21T13:57:31.5073497+08:00,374
2026-09-21T13:57:32.0546845+08:00,374
2026-09-21T13:57:32.6161745+08:00,374
2026-09-21T13:57:33.1679237+08:00,374
2026-09-21T13:57:33.7415407+08:00,374
2026-09-21T13:57:34.3199925+08:00,374
2026-09-21T13:57:34.8570318+08:00,374
2026-09-21T13:57:35.4182622+08:00,374
2026-09-21T13:57:35.9779895+08:00,374
2026-09-21T13:57:36.5390546+08:00,374
2026-09-21T13:57:37.1000451+08:00,374
2026-09-21T13:57:37.6631194+08:00,374
2026-09-21T13:57:38.1967258+08:00,374
2026-09-21T13:57:38.7538180+08:00,374
2026-09-21T13:57:39.3015829+08:00,374
2026-09-21T13:57:39.8652867+08:00,374
2026-09-21T13:57:40.4321838+08:00,374
2026-09-21T13:57:40.9839394+08:00,374
2026-09-21T13:57:41.5185365+08:00,374
2026-09-21T13:57:42.0778179+08:00,374
2026-09-21T13:57:42.6583408+08:00,374
2026-09-21T13:57:43.2348489+08:00,374
2026-09-21T13:57:43.7847196+08:00,374
2026-09-21T13:57:44.3354883+08:00,374
2026-09-21T13:57:44.8853532+08:00,374
2026-09-21T13:57:45.4459775+08:00,374
2026-09-21T13:57:46.0237552+08:00,374
2026-09-21T13:57:46.6010101+08:00,374
2026-09-21T13:57:47.1497865+08:00,374
2026-09-21T13:57:47.6855708+08:00,374
2026-09-21T13:57:48.2474477+08:00,374
2026-09-21T13:57:48.8065975+08:00,374
2026-09-21T13:57:49.3697098+08:00,374
2026-09-21T13:57:49.9630661+08:00,374
2026-09-21T13:57:50.5118676+08:00,374
2026-09-21T13:57:51.0751125+08:00,374
2026-09-21T13:57:51.6210538+08:00,374
2026-09-21T13:57:52.1814687+08:00,374
2026-09-21T13:57:52.7320556+08:00,374
2026-09-21T13:57:53.2844823+08:00,374
2026-09-21T13:57:53.8352935+08:00,374
2026-09-21T13:57:54.3966669+08:00,374
2026-09-21T13:57:54.9479848+08:00,374
2026-09-21T13:57:55.5132128+08:00,374
2026-09-21T13:57:56.0657086+08:00,374
2026-09-21T13:57:56.6155952+08:00,374
2026-09-21T13:57:57.1657156+08:00,374
2026-09-21T13:57:57.7274089+08:00,374
2026-09-21T13:57:58.2909889+08:00,374
2026-09-21T13:57:58.8695759+08:00,374
2026-09-21T13:57:59.4220126+08:00,374
2026-09-21T13:57:59.9871539+08:00,374
2026-09-21T13:58:00.5204899+08:00,374
2026-09-21T13:58:01.0738680+08:00,374
2026-09-21T13:58:01.6334934+08:00,374
2026-09-21T13:58:02.2121236+08:00,374
2026-09-21T13:58:02.7773663+08:00,374
2026-09-21T13:58:03.3286937+08:00,374
2026-09-21T13:58:03.8787178+08:00,374
2026-09-21T13:58:04.4410214+08:00,374
2026-09-21T13:58:04.9901523+08:00,374
2026-09-21T13:58:05.5390963+08:00,374
2026-09-21T13:58:06.0995038+08:00,374
2026-09-21T13:58:06.6346122+08:00,374
2026-09-21T13:58:07.1800815+08:00,374
2026-09-21T13:58:07.7450167+08:00,374
2026-09-21T13:58:08.3253811+08:00,374
2026-09-21T13:58:08.8907063+08:00,374
2026-09-21T13:58:09.4413694+08:00,374
2026-09-21T13:58:09.9936679+08:00,374
2026-09-21T13:58:10.5424218+08:00,374
2026-09-21T13:58:11.1080647+08:00,374
2026-09-21T13:58:11.6689294+08:00,374
2026-09-21T13:58:12.2290409+08:00,374
2026-09-21T13:58:12.7913680+08:00,374
2026-09-21T13:58:13.3545124+08:00,374
2026-09-21T13:58:13.9050535+08:00,374
2026-09-21T13:58:14.4681327+08:00,374
2026-09-21T13:58:15.0202132+08:00,374
2026-09-21T13:58:15.5994274+08:00,374
2026-09-21T13:58:16.1322268+08:00,374
2026-09-21T13:58:16.7108196+08:00,374
2026-09-21T13:58:17.2606207+08:00,374
